{
  "id": "00000000-0000-0000-0000-000000000000",
  "revision": 0,
  "last_node_id": 4,
  "last_link_id": 2,
  "nodes": [
    {
      "id": 3,
      "type": "DualCLIPLoader",
      "pos": [
        -720.2471313476562,
        247.16310119628906
      ],
      "size": [
        315,
        130
      ],
      "flags": {},
      "order": 0,
      "mode": 0,
      "inputs": [
        {
          "localized_name": "clip_name1",
          "name": "clip_name1",
          "type": "COMBO",
          "widget": {
            "name": "clip_name1"
          },
          "link": null
        },
        {
          "localized_name": "clip_name2",
          "name": "clip_name2",
          "type": "COMBO",
          "widget": {
            "name": "clip_name2"
          },
          "link": null
        },
        {
          "localized_name": "type",
          "name": "type",
          "type": "COMBO",
          "widget": {
            "name": "type"
          },
          "link": null
        },
        {
          "localized_name": "device",
          "name": "device",
          "shape": 7,
          "type": "COMBO",
          "widget": {
            "name": "device"
          },
          "link": null
        }
      ],
      "outputs": [
        {
          "localized_name": "CLIP",
          "name": "CLIP",
          "type": "CLIP",
          "links": [
            1
          ]
        }
      ],
      "properties": {
        "Node name for S&R": "DualCLIPLoader"
      },
      "widgets_values": [
        "ViT-L-14-TEXT-detail-improved-hiT-GmP-TE-only-HF.safetensors",
        "t5xxl_fp8_e4m3fn_scaled.safetensors",
        "flux",
        "default"
      ]
    },
    {
      "id": 4,
      "type": "CLIPTextEncode",
      "pos": [
        -352.2471923828125,
        252.9230499267578
      ],
      "size": [
        400,
        200
      ],
      "flags": {},
      "order": 2,
      "mode": 0,
      "inputs": [
        {
          "localized_name": "clip",
          "name": "clip",
          "type": "CLIP",
          "link": 1
        },
        {
          "localized_name": "text",
          "name": "text",
          "type": "STRING",
          "widget": {
            "name": "text"
          },
          "link": null
        }
      ],
      "outputs": [
        {
          "localized_name": "CONDITIONING",
          "name": "CONDITIONING",
          "type": "CONDITIONING",
          "links": [
            2
          ]
        }
      ],
      "properties": {
        "Node name for S&R": "CLIPTextEncode"
      },
      "widgets_values": [
        "Remove the watermark"
      ]
    },
    {
      "id": 2,
      "type": "SaveCondition",
      "pos": [
        121.99267578125,
        256.7630920410156
      ],
      "size": [
        315,
        58
      ],
      "flags": {},
      "order": 3,
      "mode": 0,
      "inputs": [
        {
          "localized_name": "condition",
          "name": "condition",
          "type": "CONDITIONING",
          "link": 2
        },
        {
          "localized_name": "filename",
          "name": "filename",
          "type": "STRING",
          "widget": {
            "name": "filename"
          },
          "link": null
        }
      ],
      "outputs": [],
      "properties": {
        "Node name for S&R": "SaveCondition"
      },
      "widgets_values": [
        "remove_watermark"
      ]
    },
    {
      "id": 1,
      "type": "LoadCondition",
      "pos": [
        114.3128662109375,
        416.76318359375
      ],
      "size": [
        315,
        58
      ],
      "flags": {},
      "order": 1,
      "mode": 0,
      "inputs": [
        {
          "localized_name": "filename",
          "name": "filename",
          "type": "COMBO",
          "widget": {
            "name": "filename"
          },
          "link": null
        }
      ],
      "outputs": [
        {
          "localized_name": "CONDITIONING",
          "name": "CONDITIONING",
          "type": "CONDITIONING",
          "links": null
        }
      ],
      "properties": {
        "Node name for S&R": "LoadCondition"
      },
      "widgets_values": [
        "remove_watermark"
      ]
    }
  ],
  "links": [
    [
      1,
      3,
      0,
      4,
      0,
      "CLIP"
    ],
    [
      2,
      4,
      0,
      2,
      0,
      "CONDITIONING"
    ]
  ],
  "groups": [],
  "config": {},
  "extra": {
    "ds": {
      "scale": 0.9090909090909091,
      "offset": [
        917.0231594131544,
        5.912900265692128
      ]
    },
    "frontendVersion": "1.16.9"
  },
  "version": 0.4
}